Table ID,Hypothesis,Generator ID,Truth Label,Worker IDs,Labels,Majority Label,JSON
T1976,It involved the BMG label.,GW7,E,"['AISFU4P55HYEH', 'AMA18W8F60Y2J', 'A109CH3492UU42', 'A3I9XLIHPPWPN1', 'A2JPOXYZM5AJZZ']","['0001000', '0001001', '0001000', '0001000', '0001000']",0001000,"{""Origin"": ""0"", ""Genres"": ""0"", ""Years active"": ""0"", ""Labels"": ""1"", ""Associated acts"": ""0"", ""Website"": ""0"", ""none"": ""0""}"
T1976,They created Rap rock genre,GW7,N,"['A2JPOXYZM5AJZZ', 'A109CH3492UU42', 'A3I9XLIHPPWPN1', 'AMA18W8F60Y2J', 'AISFU4P55HYEH']","['0100001', '0100000', '0100001', '0100001', '0100000']",0100001,"{""Origin"": ""0"", ""Genres"": ""1"", ""Years active"": ""0"", ""Labels"": ""0"", ""Associated acts"": ""0"", ""Website"": ""0"", ""none"": ""1""}"
T1976,There were no members,GW7,C,"['A109CH3492UU42', 'A1NF6PELRKACS9', 'A2JPOXYZM5AJZZ', 'A3I9XLIHPPWPN1', 'AISFU4P55HYEH']","['0000001', '0000001', '0000001', '0010000', '0000001']",0000001,"{""Origin"": ""0"", ""Genres"": ""0"", ""Years active"": ""0"", ""Labels"": ""0"", ""Associated acts"": ""0"", ""Website"": ""0"", ""none"": ""1""}"
T1976,Hollywood Undead has made music on 5 or more music labels.,GW1,E,"['A1NF6PELRKACS9', 'A2JPOXYZM5AJZZ', 'AISFU4P55HYEH', 'AMA18W8F60Y2J', 'A3I9XLIHPPWPN1']","['0001000', '0001000', '0001000', '0001000', '0001000']",0001000,"{""Origin"": ""0"", ""Genres"": ""0"", ""Years active"": ""0"", ""Labels"": ""1"", ""Associated acts"": ""0"", ""Website"": ""0"", ""none"": ""0""}"
T1976,Hollywood Undead is more associated with nu metal than rap rock.,GW1,N,"['AISFU4P55HYEH', 'A109CH3492UU42', 'A3I9XLIHPPWPN1', 'AMA18W8F60Y2J', 'A2JPOXYZM5AJZZ']","['0100000', '0100001', '0100001', '0100001', '0100001']",0100001,"{""Origin"": ""0"", ""Genres"": ""1"", ""Years active"": ""0"", ""Labels"": ""0"", ""Associated acts"": ""0"", ""Website"": ""0"", ""none"": ""1""}"
T1976,Hollywood Undead has been active for over 20 years.,GW1,C,"['A2JPOXYZM5AJZZ', 'AMA18W8F60Y2J', 'A3I9XLIHPPWPN1', 'A109CH3492UU42', 'AISFU4P55HYEH']","['0010000', '0010000', '0010000', '0010000', '0010000']",0010000,"{""Origin"": ""0"", ""Genres"": ""0"", ""Years active"": ""1"", ""Labels"": ""0"", ""Associated acts"": ""0"", ""Website"": ""0"", ""none"": ""0""}"
T1976,Hollywood Undead is a band from the west coast of the USA.,GW4,E,"['A109CH3492UU42', 'A3I9XLIHPPWPN1', 'A2JPOXYZM5AJZZ', 'AISFU4P55HYEH', 'AMA18W8F60Y2J']","['1000000', '1000000', '1100000', '1000000', '1000000']",1000000,"{""Origin"": ""1"", ""Genres"": ""0"", ""Years active"": ""0"", ""Labels"": ""0"", ""Associated acts"": ""0"", ""Website"": ""0"", ""none"": ""0""}"
T1976,The band Hollywood Undead combines rap and rock in their songs.,GW4,N,"['A3V9JFVZQ2XF4Y', 'AISFU4P55HYEH', 'A3I9XLIHPPWPN1', 'A109CH3492UU42', 'A2JPOXYZM5AJZZ']","['0100000', '0100000', '0100000', '0100000', '0100000']",0100000,"{""Origin"": ""0"", ""Genres"": ""1"", ""Years active"": ""0"", ""Labels"": ""0"", ""Associated acts"": ""0"", ""Website"": ""0"", ""none"": ""0""}"
T1976,The band Hollywood Undead has been signed by Sony Records.,GW4,C,"['A2JPOXYZM5AJZZ', 'A3I9XLIHPPWPN1', 'AMA18W8F60Y2J', 'AISFU4P55HYEH', 'A109CH3492UU42']","['0001000', '0001000', '0001000', '0000001', '0001000']",0001000,"{""Origin"": ""0"", ""Genres"": ""0"", ""Years active"": ""0"", ""Labels"": ""1"", ""Associated acts"": ""0"", ""Website"": ""0"", ""none"": ""0""}"
T1976,Hollywood Undead currently only produces rap rock.,GW2,N,"['A109CH3492UU42', 'AMA18W8F60Y2J', 'A3I9XLIHPPWPN1', 'AISFU4P55HYEH', 'A2JPOXYZM5AJZZ']","['0100000', '0100000', '0100000', '0100000', '0100001']",0100000,"{""Origin"": ""0"", ""Genres"": ""1"", ""Years active"": ""0"", ""Labels"": ""0"", ""Associated acts"": ""0"", ""Website"": ""0"", ""none"": ""0""}"
T1976,Hollywood Undead has predominately rap influences,GW72,N,"['A109CH3492UU42', 'A3I9XLIHPPWPN1', 'A2JPOXYZM5AJZZ', 'AISFU4P55HYEH', 'AMA18W8F60Y2J']","['0100001', '0100000', '0100001', '0100000', '0100001']",0100001,"{""Origin"": ""0"", ""Genres"": ""1"", ""Years active"": ""0"", ""Labels"": ""0"", ""Associated acts"": ""0"", ""Website"": ""0"", ""none"": ""1""}"
T1976,Hollywood Undead's band members were born in Los Angeles.,GW93,N,"['A3I9XLIHPPWPN1', 'A2JPOXYZM5AJZZ', 'AISFU4P55HYEH', 'A109CH3492UU42', 'AMA18W8F60Y2J']","['1000001', '1000000', '1000001', '1000001', '1000001']",1000001,"{""Origin"": ""1"", ""Genres"": ""0"", ""Years active"": ""0"", ""Labels"": ""0"", ""Associated acts"": ""0"", ""Website"": ""0"", ""none"": ""1""}"
T1976,The Hollywood Undead are currently signed with BMG.,GW86,N,"['AISFU4P55HYEH', 'A109CH3492UU42', 'AMA18W8F60Y2J', 'A3I9XLIHPPWPN1', 'A2JPOXYZM5AJZZ']","['0001001', '0001001', '0001001', '0001001', '0001001']",0001001,"{""Origin"": ""0"", ""Genres"": ""0"", ""Years active"": ""0"", ""Labels"": ""1"", ""Associated acts"": ""0"", ""Website"": ""0"", ""none"": ""1""}"
T344,The movie Hot Fuzz was able to net over $60 million.,GW4,E,"['AISFU4P55HYEH', 'AMA18W8F60Y2J', 'A2JPOXYZM5AJZZ', 'A109CH3492UU42', 'A3I9XLIHPPWPN1']","['0000000000000010', '0000000000000010', '0000000000000110', '0000000000000110', '0000000000000010']",0000000000000010,"{""Directed by"": ""0"", ""Produced by"": ""0"", ""Written by"": ""0"", ""Starring"": ""0"", ""Music by"": ""0"", ""Cinematography"": ""0"", ""Edited by"": ""0"", ""Production company"": ""0"", ""Distributed by"": ""0"", ""Release date"": ""0"", ""Running time"": ""0"", ""Country"": ""0"", ""Language"": ""0"", ""Budget"": ""0"", ""Box office"": ""1"", ""none"": ""0""}"
T344,The movie Hot Fuzz was written and directed by the same person,GW4,N,"['A3I9XLIHPPWPN1', 'A109CH3492UU42', 'A2JPOXYZM5AJZZ', 'AISFU4P55HYEH', 'A3V9JFVZQ2XF4Y']","['1010000000000000', '1010000000000000', '1010000000000000', '1010000000000000', '1010000000000000']",1010000000000000,"{""Directed by"": ""1"", ""Produced by"": ""0"", ""Written by"": ""1"", ""Starring"": ""0"", ""Music by"": ""0"", ""Cinematography"": ""0"", ""Edited by"": ""0"", ""Production company"": ""0"", ""Distributed by"": ""0"", ""Release date"": ""0"", ""Running time"": ""0"", ""Country"": ""0"", ""Language"": ""0"", ""Budget"": ""0"", ""Box office"": ""0"", ""none"": ""0""}"
T344,The film Hot Fuzz came out in the United States before the United Kingdom.,GW4,C,"['AISFU4P55HYEH', 'A3I9XLIHPPWPN1', 'A3V9JFVZQ2XF4Y', 'A109CH3492UU42', 'A2JPOXYZM5AJZZ']","['0000000001000000', '0000000001000000', '0000000001000000', '0000000001000000', '0000000001000000']",0000000001000000,"{""Directed by"": ""0"", ""Produced by"": ""0"", ""Written by"": ""0"", ""Starring"": ""0"", ""Music by"": ""0"", ""Cinematography"": ""0"", ""Edited by"": ""0"", ""Production company"": ""0"", ""Distributed by"": ""0"", ""Release date"": ""1"", ""Running time"": ""0"", ""Country"": ""0"", ""Language"": ""0"", ""Budget"": ""0"", ""Box office"": ""0"", ""none"": ""0""}"
T344,'Hot Fuzz'' co-writer casted himself as a star.,GW27,N,"['A109CH3492UU42', 'A2JPOXYZM5AJZZ', 'AISFU4P55HYEH', 'A3I9XLIHPPWPN1', 'AMA18W8F60Y2J']","['0011000000000000', '0011000000000001', '0011000000000000', '0011000000000000', '0011000000000000']",0011000000000000,"{""Directed by"": ""0"", ""Produced by"": ""0"", ""Written by"": ""1"", ""Starring"": ""1"", ""Music by"": ""0"", ""Cinematography"": ""0"", ""Edited by"": ""0"", ""Production company"": ""0"", ""Distributed by"": ""0"", ""Release date"": ""0"", ""Running time"": ""0"", ""Country"": ""0"", ""Language"": ""0"", ""Budget"": ""0"", ""Box office"": ""0"", ""none"": ""0""}"
T344,Hot Fuzz was a low-budget film that was very profitable.,GW28,E,"['A2JPOXYZM5AJZZ', 'A3I9XLIHPPWPN1', 'AISFU4P55HYEH', 'A3V9JFVZQ2XF4Y', 'A109CH3492UU42']","['0000000000000110', '0000000000000110', '0000000000000110', '0000000000000110', '0000000000000110']",0000000000000110,"{""Directed by"": ""0"", ""Produced by"": ""0"", ""Written by"": ""0"", ""Starring"": ""0"", ""Music by"": ""0"", ""Cinematography"": ""0"", ""Edited by"": ""0"", ""Production company"": ""0"", ""Distributed by"": ""0"", ""Release date"": ""0"", ""Running time"": ""0"", ""Country"": ""0"", ""Language"": ""0"", ""Budget"": ""1"", ""Box office"": ""1"", ""none"": ""0""}"
T344,Hot Fuzz was a successful comedy film.,GW28,N,"['A3I9XLIHPPWPN1', 'A109CH3492UU42', 'AISFU4P55HYEH', 'A3V9JFVZQ2XF4Y', 'A2JPOXYZM5AJZZ']","['0000000000000111', '0000000000000111', '0000000000000001', '0000000000000011', '0000000000000111']",0000000000000111,"{""Directed by"": ""0"", ""Produced by"": ""0"", ""Written by"": ""0"", ""Starring"": ""0"", ""Music by"": ""0"", ""Cinematography"": ""0"", ""Edited by"": ""0"", ""Production company"": ""0"", ""Distributed by"": ""0"", ""Release date"": ""0"", ""Running time"": ""0"", ""Country"": ""0"", ""Language"": ""0"", ""Budget"": ""1"", ""Box office"": ""1"", ""none"": ""1""}"
T344,Hot Fuzz was released less than a decade ago in only three countries.,GW28,C,"['A3I9XLIHPPWPN1', 'AISFU4P55HYEH', 'A2JPOXYZM5AJZZ', 'A109CH3492UU42', 'AMA18W8F60Y2J']","['0000000001000000', '0000000001000000', '0000000001000001', '0000000001000001', '0000000001010000']",0000000001000000,"{""Directed by"": ""0"", ""Produced by"": ""0"", ""Written by"": ""0"", ""Starring"": ""0"", ""Music by"": ""0"", ""Cinematography"": ""0"", ""Edited by"": ""0"", ""Production company"": ""0"", ""Distributed by"": ""0"", ""Release date"": ""1"", ""Running time"": ""0"", ""Country"": ""0"", ""Language"": ""0"", ""Budget"": ""0"", ""Box office"": ""0"", ""none"": ""0""}"
T469,Kevin Parker's home studio is the largest studio in Fremantle.,GW27,N,"['A3I9XLIHPPWPN1', 'AISFU4P55HYEH', 'A109CH3492UU42', 'AMA18W8F60Y2J', 'A2JPOXYZM5AJZZ']","['00000001', '00100001', '00100001', '00100001', '00100011']",00100001,"{""Released"": ""0"", ""Recorded"": ""0"", ""Studio"": ""1"", ""Genre"": ""0"", ""Length"": ""0"", ""Label"": ""0"", ""Producer"": ""0"", ""none"": ""1""}"
T469,The album Currents was recorded in Australia.,GW4,E,"['AISFU4P55HYEH', 'A3V9JFVZQ2XF4Y', 'A2JPOXYZM5AJZZ', 'A109CH3492UU42', 'A3I9XLIHPPWPN1']","['01100000', '00100000', '00100000', '00100000', '01100000']",00100000,"{""Released"": ""0"", ""Recorded"": ""0"", ""Studio"": ""1"", ""Genre"": ""0"", ""Length"": ""0"", ""Label"": ""0"", ""Producer"": ""0"", ""none"": ""0""}"
T469,The album Currents took nearly three years to record.,GW4,N,"['A109CH3492UU42', 'A3I9XLIHPPWPN1', 'AMA18W8F60Y2J', 'A2JPOXYZM5AJZZ', 'AISFU4P55HYEH']","['01000000', '01000000', '01000000', '01000000', '01000000']",01000000,"{""Released"": ""0"", ""Recorded"": ""1"", ""Studio"": ""0"", ""Genre"": ""0"", ""Length"": ""0"", ""Label"": ""0"", ""Producer"": ""0"", ""none"": ""0""}"
T469,The album Currents was over na hour long when it was released in 2015.,GW4,C,"['A109CH3492UU42', 'AISFU4P55HYEH', 'A2JPOXYZM5AJZZ', 'A3V9JFVZQ2XF4Y', 'A3I9XLIHPPWPN1']","['10001000', '10001000', '10001000', '10001000', '10001000']",10001000,"{""Released"": ""1"", ""Recorded"": ""0"", ""Studio"": ""0"", ""Genre"": ""0"", ""Length"": ""1"", ""Label"": ""0"", ""Producer"": ""0"", ""none"": ""0""}"
T469,Currents is a self-produced pop album.,GW28,E,"['A2JPOXYZM5AJZZ', 'A109CH3492UU42', 'A3V9JFVZQ2XF4Y', 'A3I9XLIHPPWPN1', 'AISFU4P55HYEH']","['00111010', '00000010', '00010010', '00100010', '00110010']",00110010,"{""Released"": ""0"", ""Recorded"": ""0"", ""Studio"": ""1"", ""Genre"": ""1"", ""Length"": ""0"", ""Label"": ""0"", ""Producer"": ""1"", ""none"": ""0""}"
T469,The arrangement and instrumental was all done and produced by Kevin Parker.,GW28,N,"['AISFU4P55HYEH', 'A2JPOXYZM5AJZZ', 'A109CH3492UU42', 'A3I9XLIHPPWPN1', 'AMA18W8F60Y2J']","['00000011', '00100011', '00000011', '00100010', '00100011']",00100011,"{""Released"": ""0"", ""Recorded"": ""0"", ""Studio"": ""1"", ""Genre"": ""0"", ""Length"": ""0"", ""Label"": ""0"", ""Producer"": ""1"", ""none"": ""1""}"
T469,Currents was recorded and released over a couple of years.,GW28,C,"['AISFU4P55HYEH', 'A3V9JFVZQ2XF4Y', 'A109CH3492UU42', 'A3I9XLIHPPWPN1', 'A2JPOXYZM5AJZZ']","['11000000', '11000000', '11000000', '11000000', '11000000']",11000000,"{""Released"": ""1"", ""Recorded"": ""1"", ""Studio"": ""0"", ""Genre"": ""0"", ""Length"": ""0"", ""Label"": ""0"", ""Producer"": ""0"", ""none"": ""0""}"
T480,Dangerously in Love is an American music album.,GW28,E,"['AISFU4P55HYEH', 'AMA18W8F60Y2J', 'A109CH3492UU42', 'A2JPOXYZM5AJZZ', 'A3I9XLIHPPWPN1']","['00100001', '00100000', '00100000', '00111011', '00000101']",00100001,"{""Released"": ""0"", ""Recorded"": ""0"", ""Studio"": ""1"", ""Genre"": ""0"", ""Length"": ""0"", ""Label"": ""0"", ""Producer"": ""0"", ""none"": ""1""}"
T480,Dangerously in Love was Beyonce's debut solo album.,GW28,N,"['A3I9XLIHPPWPN1', 'A109CH3492UU42', 'A1NF6PELRKACS9', 'AISFU4P55HYEH', 'A2JPOXYZM5AJZZ']","['10000001', '00000001', '00000011', '00000001', '00000011']",00000001,"{""Released"": ""0"", ""Recorded"": ""0"", ""Studio"": ""0"", ""Genre"": ""0"", ""Length"": ""0"", ""Label"": ""0"", ""Producer"": ""0"", ""none"": ""1""}"
T480,Dangerously in Love was recorded and released within a year.,GW28,C,"['A2JPOXYZM5AJZZ', 'AISFU4P55HYEH', 'A3I9XLIHPPWPN1', 'AMA18W8F60Y2J', 'A109CH3492UU42']","['11000000', '11000000', '11000000', '11000000', '11000000']",11000000,"{""Released"": ""1"", ""Recorded"": ""1"", ""Studio"": ""0"", ""Genre"": ""0"", ""Length"": ""0"", ""Label"": ""0"", ""Producer"": ""0"", ""none"": ""0""}"
T480,Dangerously in Love is a hip hop album released in 2003.,GW51,E,"['AMA18W8F60Y2J', 'AISFU4P55HYEH', 'A3I9XLIHPPWPN1', 'A2JPOXYZM5AJZZ', 'A109CH3492UU42']","['10010001', '10010000', '10010000', '10010000', '10010000']",10010000,"{""Released"": ""1"", ""Recorded"": ""0"", ""Studio"": ""0"", ""Genre"": ""1"", ""Length"": ""0"", ""Label"": ""0"", ""Producer"": ""0"", ""none"": ""0""}"
T480,Dangerously in Love is a solo album by Beyonce.,GW51,N,"['A1NF6PELRKACS9', 'A3I9XLIHPPWPN1', 'AMA18W8F60Y2J', 'A2JPOXYZM5AJZZ', 'AISFU4P55HYEH']","['00000011', '00000001', '00000001', '00010011', '00000001']",00000001,"{""Released"": ""0"", ""Recorded"": ""0"", ""Studio"": ""0"", ""Genre"": ""0"", ""Length"": ""0"", ""Label"": ""0"", ""Producer"": ""0"", ""none"": ""1""}"
T480,Dangerously in Love was released in 2008 from Interscope records.,GW51,C,"['A109CH3492UU42', 'A2JPOXYZM5AJZZ', 'A3I9XLIHPPWPN1', 'A3V9JFVZQ2XF4Y', 'AISFU4P55HYEH']","['10000100', '10000100', '10000100', '10000100', '10000000']",10000100,"{""Released"": ""1"", ""Recorded"": ""0"", ""Studio"": ""0"", ""Genre"": ""0"", ""Length"": ""0"", ""Label"": ""1"", ""Producer"": ""0"", ""none"": ""0""}"
T480,'Dangerously in Love' was produced at different studios because of the many producers.,GW27,N,"['A2JPOXYZM5AJZZ', 'A109CH3492UU42', 'AMA18W8F60Y2J', 'A3I9XLIHPPWPN1', 'AISFU4P55HYEH']","['00100011', '00100011', '00100011', '00100011', '00100010']",00100011,"{""Released"": ""0"", ""Recorded"": ""0"", ""Studio"": ""1"", ""Genre"": ""0"", ""Length"": ""0"", ""Label"": ""0"", ""Producer"": ""1"", ""none"": ""1""}"
T485,Daniel is an Old English Poem.,GW51,E,"['A3I9XLIHPPWPN1', 'A109CH3492UU42', 'AISFU4P55HYEH', 'AMA18W8F60Y2J', 'A2JPOXYZM5AJZZ']","['0100100000', '0110000000', '0100100000', '0100100000', '0110100000']",0100100000,"{""Author(s)"": ""0"", ""Language"": ""1"", ""State of existence"": ""0"", ""Manuscript(s)"": ""0"", ""Genre"": ""1"", ""Verse form"": ""0"", ""Length"": ""0"", ""Subject"": ""0"", ""Personages"": ""0"", ""none"": ""0""}"
T485,Daniel is also attributed to the same unknown author of Beowulf.,GW51,N,"['A3I9XLIHPPWPN1', 'A3V9JFVZQ2XF4Y', 'A2JPOXYZM5AJZZ', 'A109CH3492UU42', 'A1NF6PELRKACS9']","['1000000001', '1000000001', '1000000001', '1000000001', '1000000001']",1000000001,"{""Author(s)"": ""1"", ""Language"": ""0"", ""State of existence"": ""0"", ""Manuscript(s)"": ""0"", ""Genre"": ""0"", ""Verse form"": ""0"", ""Length"": ""0"", ""Subject"": ""0"", ""Personages"": ""0"", ""none"": ""1""}"
T485,Daniel was authored by Homer and stretches over 2000 lines.,GW51,C,"['AMA18W8F60Y2J', 'AISFU4P55HYEH', 'A2JPOXYZM5AJZZ', 'A109CH3492UU42', 'A3I9XLIHPPWPN1']","['1000001000', '1000001000', '1000001000', '1000001000', '1000001000']",1000001000,"{""Author(s)"": ""1"", ""Language"": ""0"", ""State of existence"": ""0"", ""Manuscript(s)"": ""0"", ""Genre"": ""0"", ""Verse form"": ""0"", ""Length"": ""1"", ""Subject"": ""0"", ""Personages"": ""0"", ""none"": ""0""}"
T485,'Daniel' is thought to be unfinished because the Junius manuscript is damaged.,GW27,N,"['A109CH3492UU42', 'A3I9XLIHPPWPN1', 'A2JPOXYZM5AJZZ', 'AISFU4P55HYEH', 'A3V9JFVZQ2XF4Y']","['0001000001', '0001000001', '0011000001', '0011000001', '0011000001']",0011000001,"{""Author(s)"": ""0"", ""Language"": ""0"", ""State of existence"": ""1"", ""Manuscript(s)"": ""1"", ""Genre"": ""0"", ""Verse form"": ""0"", ""Length"": ""0"", ""Subject"": ""0"", ""Personages"": ""0"", ""none"": ""1""}"
T485,Daniel is a work of poetry that can not be attributed to anyone.,GW28,E,"['AMA18W8F60Y2J', 'A3V9JFVZQ2XF4Y', 'A2JPOXYZM5AJZZ', 'A3I9XLIHPPWPN1', 'A109CH3492UU42']","['1000100000', '1000000000', '1000100000', '1000100000', '1000100000']",1000100000,"{""Author(s)"": ""1"", ""Language"": ""0"", ""State of existence"": ""0"", ""Manuscript(s)"": ""0"", ""Genre"": ""1"", ""Verse form"": ""0"", ""Length"": ""0"", ""Subject"": ""0"", ""Personages"": ""0"", ""none"": ""0""}"
T485,Daniel is a 15th century poem.,GW28,N,"['A2JPOXYZM5AJZZ', 'A109CH3492UU42', 'AMA18W8F60Y2J', 'A3I9XLIHPPWPN1', 'AISFU4P55HYEH']","['0010100001', '0010000001', '0000100001', '0000000001', '0000000001']",0000000001,"{""Author(s)"": ""0"", ""Language"": ""0"", ""State of existence"": ""0"", ""Manuscript(s)"": ""0"", ""Genre"": ""0"", ""Verse form"": ""0"", ""Length"": ""0"", ""Subject"": ""0"", ""Personages"": ""0"", ""none"": ""1""}"
T485,Daniel is a short poem.,GW28,C,"['A3V9JFVZQ2XF4Y', 'A109CH3492UU42', 'AISFU4P55HYEH', 'A2JPOXYZM5AJZZ', 'A3I9XLIHPPWPN1']","['0000001000', '0010001000', '0000001000', '0010101001', '0000101000']",0000001000,"{""Author(s)"": ""0"", ""Language"": ""0"", ""State of existence"": ""0"", ""Manuscript(s)"": ""0"", ""Genre"": ""0"", ""Verse form"": ""0"", ""Length"": ""1"", ""Subject"": ""0"", ""Personages"": ""0"", ""none"": ""0""}"
T697,The private collector that owns Cleopatra an Caesar has never shown it to the public.,GW0,N,"['A109CH3492UU42', 'A2JPOXYZM5AJZZ', 'AISFU4P55HYEH', 'A3V9JFVZQ2XF4Y', 'A3I9XLIHPPWPN1']","['000011', '000011', '000010', '000011', '000011']",000011,"{""Artist"": ""0"", ""Year"": ""0"", ""Medium"": ""0"", ""Dimensions"": ""0"", ""Location"": ""1"", ""none"": ""1""}"
T697,Cleopatra and Caesar is a famous oil painting by Jean-Leon Gerome.,GW51,E,"['AISFU4P55HYEH', 'A266GU3J5H4TRL', 'A2JPOXYZM5AJZZ', 'A3I9XLIHPPWPN1', 'A109CH3492UU42']","['101000', '101000', '101001', '101000', '101000']",101000,"{""Artist"": ""1"", ""Year"": ""0"", ""Medium"": ""1"", ""Dimensions"": ""0"", ""Location"": ""0"", ""none"": ""0""}"
T697,Cleopatra and Caesar is one of the first oil paintings to be painted on canvas.,GW51,N,"['AISFU4P55HYEH', 'A2JPOXYZM5AJZZ', 'A3I9XLIHPPWPN1', 'A3V9JFVZQ2XF4Y', 'A109CH3492UU42']","['000001', '001001', '011000', '001001', '011001']",001001,"{""Artist"": ""0"", ""Year"": ""0"", ""Medium"": ""1"", ""Dimensions"": ""0"", ""Location"": ""0"", ""none"": ""1""}"
T697,Cleopatra and Caesar has been a public collection in the Boston Museum of Fine Arts for decades.,GW51,C,"['A2JPOXYZM5AJZZ', 'A3I9XLIHPPWPN1', 'AISFU4P55HYEH', 'A3V9JFVZQ2XF4Y', 'A109CH3492UU42']","['000010', '000010', '000011', '000011', '000010']",000010,"{""Artist"": ""0"", ""Year"": ""0"", ""Medium"": ""0"", ""Dimensions"": ""0"", ""Location"": ""1"", ""none"": ""0""}"
T697,Cleopatra and Caesar is a 19th century French work of art,GW28,E,"['A3I9XLIHPPWPN1', 'A3V9JFVZQ2XF4Y', 'A109CH3492UU42', 'AISFU4P55HYEH', 'A2JPOXYZM5AJZZ']","['011000', '010001', '110001', '010001', '011001']",010001,"{""Artist"": ""0"", ""Year"": ""1"", ""Medium"": ""0"", ""Dimensions"": ""0"", ""Location"": ""0"", ""none"": ""1""}"
T697,Cleopatra and Caesar is a painting that is as tall as a man.,GW28,N,"['A3I9XLIHPPWPN1', 'AMA18W8F60Y2J', 'A109CH3492UU42', 'A2JPOXYZM5AJZZ', 'AISFU4P55HYEH']","['000100', '000100', '000100', '001100', '000100']",000100,"{""Artist"": ""0"", ""Year"": ""0"", ""Medium"": ""0"", ""Dimensions"": ""1"", ""Location"": ""0"", ""none"": ""0""}"
T697,Cleopatra and Caesar is on view for public display.,GW28,C,"['A2JPOXYZM5AJZZ', 'A3I9XLIHPPWPN1', 'A109CH3492UU42', 'AMA18W8F60Y2J', 'AISFU4P55HYEH']","['000010', '000010', '000010', '000010', '000010']",000010,"{""Artist"": ""0"", ""Year"": ""0"", ""Medium"": ""0"", ""Dimensions"": ""0"", ""Location"": ""1"", ""none"": ""0""}"
T801,'Collage' was one the Disruptor label first before moving to Columbia.,GW27,N,"['A109CH3492UU42', 'A3I9XLIHPPWPN1', 'AISFU4P55HYEH', 'AMA18W8F60Y2J', 'A2JPOXYZM5AJZZ']","['000101', '000100', '000101', '000101', '000101']",000101,"{""Released"": ""0"", ""Recorded"": ""0"", ""Length"": ""0"", ""Label"": ""1"", ""Producer"": ""0"", ""none"": ""1""}"
T801,The album Collage was released in the winter of 2016.,GW4,E,"['A3I9XLIHPPWPN1', 'AISFU4P55HYEH', 'A2JPOXYZM5AJZZ', 'A109CH3492UU42', 'A3V9JFVZQ2XF4Y']","['100000', '100000', '100000', '100000', '100000']",100000,"{""Released"": ""1"", ""Recorded"": ""0"", ""Length"": ""0"", ""Label"": ""0"", ""Producer"": ""0"", ""none"": ""0""}"
T801,The album Collage was made with multiple artists.,GW4,N,"['AMA18W8F60Y2J', 'AISFU4P55HYEH', 'A109CH3492UU42', 'A2JPOXYZM5AJZZ', 'A3I9XLIHPPWPN1']","['000001', '000001', '000001', '000011', '000001']",000001,"{""Released"": ""0"", ""Recorded"": ""0"", ""Length"": ""0"", ""Label"": ""0"", ""Producer"": ""0"", ""none"": ""1""}"
T801,The album Collage is over a half hour in length.,GW4,C,"['A109CH3492UU42', 'A2JPOXYZM5AJZZ', 'A3V9JFVZQ2XF4Y', 'A3I9XLIHPPWPN1', 'AISFU4P55HYEH']","['001000', '001000', '001000', '001000', '001000']",001000,"{""Released"": ""0"", ""Recorded"": ""0"", ""Length"": ""1"", ""Label"": ""0"", ""Producer"": ""0"", ""none"": ""0""}"
T801,Collage is an album released in 2016.,GW51,E,"['A3V9JFVZQ2XF4Y', 'A2JPOXYZM5AJZZ', 'A109CH3492UU42', 'A3I9XLIHPPWPN1', 'AISFU4P55HYEH']","['100000', '111000', '100000', '100000', '100000']",100000,"{""Released"": ""1"", ""Recorded"": ""0"", ""Length"": ""0"", ""Label"": ""0"", ""Producer"": ""0"", ""none"": ""0""}"
T801,Collage was the first EP released by The Chainsmokers.,GW51,N,"['AISFU4P55HYEH', 'A3I9XLIHPPWPN1', 'A2JPOXYZM5AJZZ', 'A109CH3492UU42', 'A3V9JFVZQ2XF4Y']","['000011', '000001', '000011', '000011', '000001']",000011,"{""Released"": ""0"", ""Recorded"": ""0"", ""Length"": ""0"", ""Label"": ""0"", ""Producer"": ""1"", ""none"": ""1""}"
T801,Collage was recorded in 2 days before being released.,GW51,C,"['A3V9JFVZQ2XF4Y', 'AISFU4P55HYEH', 'A3I9XLIHPPWPN1', 'A2JPOXYZM5AJZZ', 'A109CH3492UU42']","['110000', '110000', '110000', '110001', '110001']",110000,"{""Released"": ""1"", ""Recorded"": ""1"", ""Length"": ""0"", ""Label"": ""0"", ""Producer"": ""0"", ""none"": ""0""}"
T1110,Buffy the Vampire Slayer Season Ten is a comic book published over a three-year period.,GW28,E,"['A2JPOXYZM5AJZZ', 'A1NF6PELRKACS9', 'AISFU4P55HYEH', 'A3I9XLIHPPWPN1', 'A109CH3492UU42']","['10001000', '10101000', '10001000', '10001000', '10001000']",10001000,"{""Publisher"": ""1"", ""Schedule"": ""0"", ""Format"": ""0"", ""Genre"": ""0"", ""Publication date"": ""1"", ""No. of issues"": ""0"", ""Main character(s)"": ""0"", ""none"": ""0""}"
T1110,Buffy the Vampire Slayer Season Ten is based off the TV series of the same name.,GW28,N,"['A109CH3492UU42', 'A2JPOXYZM5AJZZ', 'AISFU4P55HYEH', 'A3V9JFVZQ2XF4Y', 'A3I9XLIHPPWPN1']","['00000001', '00000001', '00000001', '00000001', '00000001']",00000001,"{""Publisher"": ""0"", ""Schedule"": ""0"", ""Format"": ""0"", ""Genre"": ""0"", ""Publication date"": ""0"", ""No. of issues"": ""0"", ""Main character(s)"": ""0"", ""none"": ""1""}"
T1110,Buffy the Vampire Slayer Season Ten is a continuously published comic series.,GW28,C,"['A1NF6PELRKACS9', 'A3I9XLIHPPWPN1', 'AISFU4P55HYEH', 'A2JPOXYZM5AJZZ', 'A109CH3492UU42']","['01101000', '01001000', '10001000', '10101000', '00001000']",00001000,"{""Publisher"": ""0"", ""Schedule"": ""0"", ""Format"": ""0"", ""Genre"": ""0"", ""Publication date"": ""1"", ""No. of issues"": ""0"", ""Main character(s)"": ""0"", ""none"": ""0""}"
T1110,'Buffy the Vampire Slayer Season Ten'  Publisher Dark Horse Comics Schedule Monthly,GW27,N,"['A3I9XLIHPPWPN1', 'AMA18W8F60Y2J', 'A266GU3J5H4TRL', 'A2JPOXYZM5AJZZ', 'AISFU4P55HYEH']","['11000000', '11000000', '10000000', '11000000', '11000000']",11000000,"{""Publisher"": ""1"", ""Schedule"": ""1"", ""Format"": ""0"", ""Genre"": ""0"", ""Publication date"": ""0"", ""No. of issues"": ""0"", ""Main character(s)"": ""0"", ""none"": ""0""}"
T1110,Buffy the Vampire Slayer Season Ten is a limited series comic book.,GW12,E,"['AISFU4P55HYEH', 'A109CH3492UU42', 'A2JPOXYZM5AJZZ', 'A3I9XLIHPPWPN1', 'A3V9JFVZQ2XF4Y']","['10100000', '10100000', '10101000', '10100000', '00100000']",10100000,"{""Publisher"": ""1"", ""Schedule"": ""0"", ""Format"": ""1"", ""Genre"": ""0"", ""Publication date"": ""0"", ""No. of issues"": ""0"", ""Main character(s)"": ""0"", ""none"": ""0""}"
T1110,Scooby Gang was the main character in all publications of Buffy the Vampire Slayer Season Ten.,GW12,N,"['A109CH3492UU42', 'A1NF6PELRKACS9', 'A2JPOXYZM5AJZZ', 'AISFU4P55HYEH', 'A3I9XLIHPPWPN1']","['00000010', '00000011', '00000011', '00000010', '00000010']",00000010,"{""Publisher"": ""0"", ""Schedule"": ""0"", ""Format"": ""0"", ""Genre"": ""0"", ""Publication date"": ""0"", ""No. of issues"": ""0"", ""Main character(s)"": ""1"", ""none"": ""0""}"
T1110,Buffy the Vampire Slayer Season Ten came out monthly for five years.,GW12,C,"['A1NF6PELRKACS9', 'A3I9XLIHPPWPN1', 'A2JPOXYZM5AJZZ', 'AISFU4P55HYEH', 'AMA18W8F60Y2J']","['01001000', '00001100', '01001000', '01001000', '01001000']",01001000,"{""Publisher"": ""0"", ""Schedule"": ""1"", ""Format"": ""0"", ""Genre"": ""0"", ""Publication date"": ""1"", ""No. of issues"": ""0"", ""Main character(s)"": ""0"", ""none"": ""0""}"
T1322,The Honourable Brigitte Trogneux-Macron has had two husbands.,GW4,E,"['AMA18W8F60Y2J', 'A109CH3492UU42', 'A3I9XLIHPPWPN1', 'A2JPOXYZM5AJZZ', 'AISFU4P55HYEH']","['010000', '010000', '010000', '010000', '010000']",010000,"{""Born"": ""0"", ""Spouse(s)"": ""1"", ""Children"": ""0"", ""Residence"": ""0"", ""Occupation"": ""0"", ""none"": ""0""}"
T1322,The The Honourable Brigitte Trogneux-Macron had all their children with Emmanuel macron.,GW4,N,"['A2JPOXYZM5AJZZ', 'AISFU4P55HYEH', 'A3I9XLIHPPWPN1', 'A109CH3492UU42', 'A3V9JFVZQ2XF4Y']","['011001', '011001', '011001', '011001', '011001']",011001,"{""Born"": ""0"", ""Spouse(s)"": ""1"", ""Children"": ""1"", ""Residence"": ""0"", ""Occupation"": ""0"", ""none"": ""1""}"
T1322,The Honourable Brigitte Trogneux-Macron has never taught students.,GW4,C,"['A2JPOXYZM5AJZZ', 'AISFU4P55HYEH', 'A3I9XLIHPPWPN1', 'A3V9JFVZQ2XF4Y', 'A109CH3492UU42']","['000010', '000010', '000010', '000010', '000010']",000010,"{""Born"": ""0"", ""Spouse(s)"": ""0"", ""Children"": ""0"", ""Residence"": ""0"", ""Occupation"": ""1"", ""none"": ""0""}"
T1322,Brigitte Marie-Claude Trogneux is married to Emmanuel Macron.,GW27,E,"['AMA18W8F60Y2J', 'A109CH3492UU42', 'AISFU4P55HYEH', 'A2JPOXYZM5AJZZ', 'A3I9XLIHPPWPN1']","['010000', '010000', '010000', '010000', '010000']",010000,"{""Born"": ""0"", ""Spouse(s)"": ""1"", ""Children"": ""0"", ""Residence"": ""0"", ""Occupation"": ""0"", ""none"": ""0""}"
T1322,Brigitte Marie-Claude Trogneux divorced Andr?-Louis Auzi?re to marry Emmanuel Macron.,GW27,N,"['A3I9XLIHPPWPN1', 'AMA18W8F60Y2J', 'A109CH3492UU42', 'AISFU4P55HYEH', 'A2JPOXYZM5AJZZ']","['010000', '010001', '010001', '010000', '010001']",010001,"{""Born"": ""0"", ""Spouse(s)"": ""1"", ""Children"": ""0"", ""Residence"": ""0"", ""Occupation"": ""0"", ""none"": ""1""}"
T1322,Brigitte Marie-Claude Trogneux has as many children as marriages.,GW27,C,"['A2JPOXYZM5AJZZ', 'A109CH3492UU42', 'AISFU4P55HYEH', 'A3I9XLIHPPWPN1', 'A3V9JFVZQ2XF4Y']","['011000', '011000', '011000', '011000', '011000']",011000,"{""Born"": ""0"", ""Spouse(s)"": ""1"", ""Children"": ""1"", ""Residence"": ""0"", ""Occupation"": ""0"", ""none"": ""0""}"
T1322,Brigitte Trogneux-Macron was born in the spring during the early 1950's.,GW12,N,"['A2JPOXYZM5AJZZ', 'A109CH3492UU42', 'A1NF6PELRKACS9', 'AISFU4P55HYEH', 'A3I9XLIHPPWPN1']","['100000', '100000', '100000', '100000', '100000']",100000,"{""Born"": ""1"", ""Spouse(s)"": ""0"", ""Children"": ""0"", ""Residence"": ""0"", ""Occupation"": ""0"", ""none"": ""0""}"
T1453,Jose Mourinho has been competing since at least the 1980's.,GW84,E,"['A2JPOXYZM5AJZZ', 'A109CH3492UU42', 'AMA18W8F60Y2J', 'A3I9XLIHPPWPN1', 'AISFU4P55HYEH']","['11110', '10000', '10000', '10000', '10000']",10000,"{""1980-1982"": ""1"", ""1982-1983"": ""0"", ""1983-1985"": ""0"", ""1985-1987"": ""0"", ""none"": ""0""}"
T1453,Jose Mourinho competed in 1989.,GW84,N,"['AISFU4P55HYEH', 'A2JPOXYZM5AJZZ', 'A3I9XLIHPPWPN1', 'A109CH3492UU42', 'A1NF6PELRKACS9']","['11110', '00001', '00010', '11110', '00011']",00010,"{""1980-1982"": ""0"", ""1982-1983"": ""0"", ""1983-1985"": ""0"", ""1985-1987"": ""1"", ""none"": ""0""}"
T1453,Jose Mourinho was on the Belenenses in 1981.,GW84,C,"['AISFU4P55HYEH', 'A109CH3492UU42', 'AMA18W8F60Y2J', 'A2JPOXYZM5AJZZ', 'A3I9XLIHPPWPN1']","['01000', '01000', '01000', '11000', '01000']",01000,"{""1980-1982"": ""0"", ""1982-1983"": ""1"", ""1983-1985"": ""0"", ""1985-1987"": ""0"", ""none"": ""0""}"
T1453,Jos? Mourinho is Portuguese.,GW0,N,"['AMA18W8F60Y2J', 'A109CH3492UU42', 'A2JPOXYZM5AJZZ', 'A3I9XLIHPPWPN1', 'AISFU4P55HYEH']","['00001', '00001', '00001', '00001', '00001']",00001,"{""1980-1982"": ""0"", ""1982-1983"": ""0"", ""1983-1985"": ""0"", ""1985-1987"": ""0"", ""none"": ""1""}"
T1453,Jos? Mourinho left Rio Ave because of an injury.,GW1,N,"['A109CH3492UU42', 'A3I9XLIHPPWPN1', 'AISFU4P55HYEH', 'A2JPOXYZM5AJZZ', 'A1NF6PELRKACS9']","['00001', '00001', '00001', '10001', '10001']",00001,"{""1980-1982"": ""0"", ""1982-1983"": ""0"", ""1983-1985"": ""0"", ""1985-1987"": ""0"", ""none"": ""1""}"
T54,A minority of Burkina Faso's population identify as Tuareg.,GW1,E,"['A2UF2FRGVW4T89', 'A1NF6PELRKACS9', 'A2JPOXYZM5AJZZ', 'A1IFIK8J49WBER', 'A3I9XLIHPPWPN1']","['100000000', '100000000', '100000000', '100000000', '100000000']",100000000,"{""Ethnic groups (1995)"": ""1"", ""Official languages"": ""0"", ""Recognised national languages"": ""0"", ""Demonym(s)"": ""0"", ""Government"": ""0"", ""President "": ""0"", ""Prime Minister "": ""0"", ""Legislature"": ""0"", ""none"": ""0""}"
T54,Roch Marc Christian Kabor? will replace Paul Kaba Thieba one day as Burkina Faso's prime minister.,GW1,N,"['A2UF2FRGVW4T89', 'A1NF6PELRKACS9', 'A2JPOXYZM5AJZZ', 'A1IFIK8J49WBER', 'A3I9XLIHPPWPN1']","['000000001', '000001101', '000001101', '000001101', '000001100']",000001101,"{""Ethnic groups (1995)"": ""0"", ""Official languages"": ""0"", ""Recognised national languages"": ""0"", ""Demonym(s)"": ""0"", ""Government"": ""0"", ""President "": ""1"", ""Prime Minister "": ""1"", ""Legislature"": ""0"", ""none"": ""1""}"
T54,Burkina Faso has more than one official language.,GW1,C,"['A2UF2FRGVW4T89', 'A3I9XLIHPPWPN1', 'A1IFIK8J49WBER', 'A2JPOXYZM5AJZZ', 'A1NF6PELRKACS9']","['010000000', '010000000', '010000000', '011000000', '010000000']",010000000,"{""Ethnic groups (1995)"": ""0"", ""Official languages"": ""1"", ""Recognised national languages"": ""0"", ""Demonym(s)"": ""0"", ""Government"": ""0"", ""President "": ""0"", ""Prime Minister "": ""0"", ""Legislature"": ""0"", ""none"": ""0""}"
T54,The majority of the Mossi speak French.,GW14,N,"['A2UF2FRGVW4T89', 'A3I9XLIHPPWPN1', 'A1IFIK8J49WBER', 'A2JPOXYZM5AJZZ', 'A1NF6PELRKACS9']","['010000000', '010000000', '011000000', '011000001', '110000001']",010000000,"{""Ethnic groups (1995)"": ""0"", ""Official languages"": ""1"", ""Recognised national languages"": ""0"", ""Demonym(s)"": ""0"", ""Government"": ""0"", ""President "": ""0"", ""Prime Minister "": ""0"", ""Legislature"": ""0"", ""none"": ""0""}"
T54,There are fewer Senufo people than Tuareg.,GW14,C,"['A1IFIK8J49WBER', 'AISFU4P55HYEH', 'A3I9XLIHPPWPN1', 'A2JPOXYZM5AJZZ', 'A1NF6PELRKACS9']","['100000000', '100000000', '100000000', '100000000', '100000000']",100000000,"{""Ethnic groups (1995)"": ""1"", ""Official languages"": ""0"", ""Recognised national languages"": ""0"", ""Demonym(s)"": ""0"", ""Government"": ""0"", ""President "": ""0"", ""Prime Minister "": ""0"", ""Legislature"": ""0"", ""none"": ""0""}"
T54,Most people in Burkina Faso speak French.,GW4,E,"['A1IFIK8J49WBER', 'AISFU4P55HYEH', 'A3I9XLIHPPWPN1', 'A2JPOXYZM5AJZZ', 'A1NF6PELRKACS9']","['011000000', '010000000', '010000000', '011000001', '010000000']",010000000,"{""Ethnic groups (1995)"": ""0"", ""Official languages"": ""1"", ""Recognised national languages"": ""0"", ""Demonym(s)"": ""0"", ""Government"": ""0"", ""President "": ""0"", ""Prime Minister "": ""0"", ""Legislature"": ""0"", ""none"": ""0""}"
T54,The Mossi ethnic group has the most power in Burkina Faso.,GW4,N,"['A2JPOXYZM5AJZZ', 'A3I9XLIHPPWPN1', 'A1IFIK8J49WBER', 'A1NF6PELRKACS9', 'A2UF2FRGVW4T89']","['100000001', '100000001', '100000000', '100000000', '100000000']",100000000,"{""Ethnic groups (1995)"": ""1"", ""Official languages"": ""0"", ""Recognised national languages"": ""0"", ""Demonym(s)"": ""0"", ""Government"": ""0"", ""President "": ""0"", ""Prime Minister "": ""0"", ""Legislature"": ""0"", ""none"": ""0""}"
T54,Burkina Faso is controlled by a monarchy.,GW4,C,"['A2JPOXYZM5AJZZ', 'A3I9XLIHPPWPN1', 'A1IFIK8J49WBER', 'A1NF6PELRKACS9', 'A2UF2FRGVW4T89']","['000011110', '000010000', '000010001', '000010000', '000011000']",000010000,"{""Ethnic groups (1995)"": ""0"", ""Official languages"": ""0"", ""Recognised national languages"": ""0"", ""Demonym(s)"": ""0"", ""Government"": ""1"", ""President "": ""0"", ""Prime Minister "": ""0"", ""Legislature"": ""0"", ""none"": ""0""}"
T108,Isabella was painted right in the middle of the 19th century.,GW1,E,"['A3LRZX8477TYYZ', 'A2JPOXYZM5AJZZ', 'A1NF6PELRKACS9', 'A1IFIK8J49WBER', 'AISFU4P55HYEH']","['010000', '011000', '010000', '010000', '010000']",010000,"{""Artist"": ""0"", ""Year"": ""1"", ""Medium"": ""0"", ""Dimensions"": ""0"", ""Location"": ""0"", ""none"": ""0""}"
T108,John Everett Millais thought Isabella  was one of his best paintings.,GW1,N,"['A3LRZX8477TYYZ', 'A2JPOXYZM5AJZZ', 'A1NF6PELRKACS9', 'A1IFIK8J49WBER', 'AISFU4P55HYEH']","['100001', '101001', '100001', '000001', '000001']",100001,"{""Artist"": ""1"", ""Year"": ""0"", ""Medium"": ""0"", ""Dimensions"": ""0"", ""Location"": ""0"", ""none"": ""1""}"
T108,The longer side of Isabella measures more than five feet long.,GW1,C,"['A3LRZX8477TYYZ', 'A1NF6PELRKACS9', 'A2JPOXYZM5AJZZ', 'AISFU4P55HYEH', 'A1IFIK8J49WBER']","['000100', '000100', '000100', '000100', '000100']",000100,"{""Artist"": ""0"", ""Year"": ""0"", ""Medium"": ""0"", ""Dimensions"": ""1"", ""Location"": ""0"", ""none"": ""0""}"
T108,Isabella can be viewed in a museum in England.,GW0,E,"['A3LRZX8477TYYZ', 'A1NF6PELRKACS9', 'A2JPOXYZM5AJZZ', 'AISFU4P55HYEH', 'A1IFIK8J49WBER']","['000010', '000010', '000010', '000010', '000010']",000010,"{""Artist"": ""0"", ""Year"": ""0"", ""Medium"": ""0"", ""Dimensions"": ""0"", ""Location"": ""1"", ""none"": ""0""}"
T108,Isabella is John Everett Millais' last painting,GW0,N,"['A1NF6PELRKACS9', 'A3LRZX8477TYYZ', 'AISFU4P55HYEH', 'A1IFIK8J49WBER', 'A2JPOXYZM5AJZZ']","['100001', '110001', '000001', '100001', '101001']",100001,"{""Artist"": ""1"", ""Year"": ""0"", ""Medium"": ""0"", ""Dimensions"": ""0"", ""Location"": ""0"", ""none"": ""1""}"
T108,"the painting ""Isabella"" was painted in the 17th century.",GW0,C,"['A1NF6PELRKACS9', 'A3LRZX8477TYYZ', 'AISFU4P55HYEH', 'A1IFIK8J49WBER', 'A2JPOXYZM5AJZZ']","['010000', '010000', '010000', '010000', '010000']",010000,"{""Artist"": ""0"", ""Year"": ""1"", ""Medium"": ""0"", ""Dimensions"": ""0"", ""Location"": ""0"", ""none"": ""0""}"
T108,He was born in 1849,GW7,E,"['AISFU4P55HYEH', 'A3I9XLIHPPWPN1', 'A1NF6PELRKACS9', 'A2JPOXYZM5AJZZ', 'A3LRZX8477TYYZ']","['010000', '010001', '010000', '010000', '110000']",010000,"{""Artist"": ""0"", ""Year"": ""1"", ""Medium"": ""0"", ""Dimensions"": ""0"", ""Location"": ""0"", ""none"": ""0""}"
T108,He owned a gallery,GW7,N,"['AISFU4P55HYEH', 'A3I9XLIHPPWPN1', 'A1NF6PELRKACS9', 'A2JPOXYZM5AJZZ', 'A3LRZX8477TYYZ']","['000010', '000001', '000001', '100011', '000001']",000001,"{""Artist"": ""0"", ""Year"": ""0"", ""Medium"": ""0"", ""Dimensions"": ""0"", ""Location"": ""0"", ""none"": ""1""}"
T108,He used water on canvas,GW7,C,"['A1NF6PELRKACS9', 'A2JPOXYZM5AJZZ', 'A2UF2FRGVW4T89', 'A3I9XLIHPPWPN1', 'A1IFIK8J49WBER']","['001000', '001000', '001000', '001000', '001000']",001000,"{""Artist"": ""0"", ""Year"": ""0"", ""Medium"": ""1"", ""Dimensions"": ""0"", ""Location"": ""0"", ""none"": ""0""}"
T108,The piece Isabella took years to paint.,GW4,N,"['A1NF6PELRKACS9', 'A2JPOXYZM5AJZZ', 'A2UF2FRGVW4T89', 'A3I9XLIHPPWPN1', 'A1IFIK8J49WBER']","['010001', '010001', '000001', '010001', '000001']",010001,"{""Artist"": ""0"", ""Year"": ""1"", ""Medium"": ""0"", ""Dimensions"": ""0"", ""Location"": ""0"", ""none"": ""1""}"
T317,Jimson Weed is an American work of art.,GW28,E,"['A2JPOXYZM5AJZZ', 'A3I9XLIHPPWPN1', 'A1NF6PELRKACS9', 'A1IFIK8J49WBER', 'AISFU4P55HYEH']","['101011', '100010', '001011', '000001', '000010']",000011,"{""Artist"": ""0"", ""Year"": ""0"", ""Type"": ""0"", ""Dimensions"": ""0"", ""Location"": ""1"", ""none"": ""1""}"
T317,Jimson Weed was sketched before it was painted.,GW28,N,"['A2JPOXYZM5AJZZ', 'A3I9XLIHPPWPN1', 'A1NF6PELRKACS9', 'A1IFIK8J49WBER', 'AISFU4P55HYEH']","['001001', '000001', '001001', '000001', '000001']",000001,"{""Artist"": ""0"", ""Year"": ""0"", ""Type"": ""0"", ""Dimensions"": ""0"", ""Location"": ""0"", ""none"": ""1""}"
T317,Jimson Weed taller than it is wide.,GW28,C,"['A1NF6PELRKACS9', 'A3LRZX8477TYYZ', 'A2JPOXYZM5AJZZ', 'AISFU4P55HYEH', 'A1IFIK8J49WBER']","['000100', '000100', '000100', '000100', '000100']",000100,"{""Artist"": ""0"", ""Year"": ""0"", ""Type"": ""0"", ""Dimensions"": ""1"", ""Location"": ""0"", ""none"": ""0""}"
T317,Jimson Weed is a painting that is over six feet tall.,GW4,E,"['A1NF6PELRKACS9', 'A3LRZX8477TYYZ', 'A2JPOXYZM5AJZZ', 'AISFU4P55HYEH', 'A1IFIK8J49WBER']","['000100', '000100', '001100', '000100', '000100']",000100,"{""Artist"": ""0"", ""Year"": ""0"", ""Type"": ""0"", ""Dimensions"": ""1"", ""Location"": ""0"", ""none"": ""0""}"
T317,Georgia O'Keeffe painted many pieces before they painted Jimson Weed.,GW4,N,"['A2JPOXYZM5AJZZ', 'A1IFIK8J49WBER', 'A2UF2FRGVW4T89', 'A1NF6PELRKACS9', 'A3I9XLIHPPWPN1']","['100001', '100001', '000001', '100001', '000001']",100001,"{""Artist"": ""1"", ""Year"": ""0"", ""Type"": ""0"", ""Dimensions"": ""0"", ""Location"": ""0"", ""none"": ""1""}"
T317,The piece Jimson Weed was made after World War II.,GW4,C,"['A2JPOXYZM5AJZZ', 'A1IFIK8J49WBER', 'A2UF2FRGVW4T89', 'A1NF6PELRKACS9', 'A3I9XLIHPPWPN1']","['010000', '010001', '010000', '010000', '010000']",010000,"{""Artist"": ""0"", ""Year"": ""1"", ""Type"": ""0"", ""Dimensions"": ""0"", ""Location"": ""0"", ""none"": ""0""}"
T317,'Jimson Weed' went to the Indianapolis Museum of Art in 1936.,GW27,N,"['A3I9XLIHPPWPN1', 'A1IFIK8J49WBER', 'A1NF6PELRKACS9', 'AISFU4P55HYEH', 'A2JPOXYZM5AJZZ']","['010011', '010010', '010011', '010010', '010011']",010011,"{""Artist"": ""0"", ""Year"": ""1"", ""Type"": ""0"", ""Dimensions"": ""0"", ""Location"": ""1"", ""none"": ""1""}"
T317,Georgia O'Keeffe died before 1936.,GW27,C,"['A3I9XLIHPPWPN1', 'A1IFIK8J49WBER', 'A1NF6PELRKACS9', 'AISFU4P55HYEH', 'A2JPOXYZM5AJZZ']","['000001', '000001', '110000', '000001', '110001']",000001,"{""Artist"": ""0"", ""Year"": ""0"", ""Type"": ""0"", ""Dimensions"": ""0"", ""Location"": ""0"", ""none"": ""1""}"
T397,Jurassic World: Fallen Kingdom was a profitable American film,GW28,E,"['A1NF6PELRKACS9', 'A365SN61J4UNGR', 'A2JPOXYZM5AJZZ', 'A1IFIK8J49WBER', 'A3I9XLIHPPWPN1']","['00000000000000110', '00000000000010110', '00000000000000110', '00000000000010110', '00000000000000110']",00000000000000110,"{""Directed by"": ""0"", ""Produced by"": ""0"", ""Written by"": ""0"", ""Based on"": ""0"", ""Starring"": ""0"", ""Music by"": ""0"", ""Cinematography"": ""0"", ""Edited by"": ""0"", ""Production companies"": ""0"", ""Distributed by"": ""0"", ""Release date"": ""0"", ""Running time"": ""0"", ""Country"": ""0"", ""Language"": ""0"", ""Budget"": ""1"", ""Box office"": ""1"", ""none"": ""0""}"
T397,Jurassic World: Fallen Kingdom was the most profitable film of 2018.,GW28,N,"['A1NF6PELRKACS9', 'A365SN61J4UNGR', 'A2JPOXYZM5AJZZ', 'A1IFIK8J49WBER', 'A3I9XLIHPPWPN1']","['00000000001000111', '00000000001000110', '00000000001000011', '00000000001000011', '00000000000000011']",00000000001000011,"{""Directed by"": ""0"", ""Produced by"": ""0"", ""Written by"": ""0"", ""Based on"": ""0"", ""Starring"": ""0"", ""Music by"": ""0"", ""Cinematography"": ""0"", ""Edited by"": ""0"", ""Production companies"": ""0"", ""Distributed by"": ""0"", ""Release date"": ""1"", ""Running time"": ""0"", ""Country"": ""0"", ""Language"": ""0"", ""Budget"": ""0"", ""Box office"": ""1"", ""none"": ""1""}"
T397,Jurassic World: Fallen Kingdom running time was less than two hours.,GW28,C,"['A2JPOXYZM5AJZZ', 'A3I9XLIHPPWPN1', 'AISFU4P55HYEH', 'A3LRZX8477TYYZ', 'A1NF6PELRKACS9']","['00000000000100000', '00000000000100000', '00000000000100000', '00000000000100000', '00000000000100000']",00000000000100000,"{""Directed by"": ""0"", ""Produced by"": ""0"", ""Written by"": ""0"", ""Based on"": ""0"", ""Starring"": ""0"", ""Music by"": ""0"", ""Cinematography"": ""0"", ""Edited by"": ""0"", ""Production companies"": ""0"", ""Distributed by"": ""0"", ""Release date"": ""0"", ""Running time"": ""1"", ""Country"": ""0"", ""Language"": ""0"", ""Budget"": ""0"", ""Box office"": ""0"", ""none"": ""0""}"
T397,Derek Connolly and Colin Trevorrow used most of Michael Crichton's characters for 'Jurassic World: Fallen Kingdom'.,GW27,N,"['A2JPOXYZM5AJZZ', 'A3I9XLIHPPWPN1', 'AISFU4P55HYEH', 'A3LRZX8477TYYZ', 'A1NF6PELRKACS9']","['00110000000000001', '00010000000000000', '00110000000000000', '00110000000000001', '00110000000000000']",00110000000000000,"{""Directed by"": ""0"", ""Produced by"": ""0"", ""Written by"": ""1"", ""Based on"": ""1"", ""Starring"": ""0"", ""Music by"": ""0"", ""Cinematography"": ""0"", ""Edited by"": ""0"", ""Production companies"": ""0"", ""Distributed by"": ""0"", ""Release date"": ""0"", ""Running time"": ""0"", ""Country"": ""0"", ""Language"": ""0"", ""Budget"": ""0"", ""Box office"": ""0"", ""none"": ""0""}"
T397,Universal Pictures first released 'Jurassic World: Fallen Kingdom' in June.,GW27,C,"['A3LRZX8477TYYZ', 'A1NF6PELRKACS9', 'AISFU4P55HYEH', 'A2JPOXYZM5AJZZ', 'A1IFIK8J49WBER']","['00000000001000000', '00000000111000000', '00000000011000000', '00000000101000000', '00000000001000000']",00000000001000000,"{""Directed by"": ""0"", ""Produced by"": ""0"", ""Written by"": ""0"", ""Based on"": ""0"", ""Starring"": ""0"", ""Music by"": ""0"", ""Cinematography"": ""0"", ""Edited by"": ""0"", ""Production companies"": ""0"", ""Distributed by"": ""0"", ""Release date"": ""1"", ""Running time"": ""0"", ""Country"": ""0"", ""Language"": ""0"", ""Budget"": ""0"", ""Box office"": ""0"", ""none"": ""0""}"
T397,The film Jurassic World: Fallen Kingdom made over a billion dollars.,GW4,E,"['A3LRZX8477TYYZ', 'A1NF6PELRKACS9', 'AISFU4P55HYEH', 'A2JPOXYZM5AJZZ', 'A1IFIK8J49WBER']","['00000000000000010', '00000000000000010', '00000000000000010', '00000000000000010', '00000000000000010']",00000000000000010,"{""Directed by"": ""0"", ""Produced by"": ""0"", ""Written by"": ""0"", ""Based on"": ""0"", ""Starring"": ""0"", ""Music by"": ""0"", ""Cinematography"": ""0"", ""Edited by"": ""0"", ""Production companies"": ""0"", ""Distributed by"": ""0"", ""Release date"": ""0"", ""Running time"": ""0"", ""Country"": ""0"", ""Language"": ""0"", ""Budget"": ""0"", ""Box office"": ""1"", ""none"": ""0""}"
T397,The movie Jurassic World: Fallen Kingdom took several years to film.,GW4,N,"['A1IFIK8J49WBER', 'A1NF6PELRKACS9', 'A2JPOXYZM5AJZZ', 'A3LRZX8477TYYZ', 'AISFU4P55HYEH']","['00000000000000001', '00000000000000001', '00000000000000001', '00000000000000001', '00000000000000001']",00000000000000001,"{""Directed by"": ""0"", ""Produced by"": ""0"", ""Written by"": ""0"", ""Based on"": ""0"", ""Starring"": ""0"", ""Music by"": ""0"", ""Cinematography"": ""0"", ""Edited by"": ""0"", ""Production companies"": ""0"", ""Distributed by"": ""0"", ""Release date"": ""0"", ""Running time"": ""0"", ""Country"": ""0"", ""Language"": ""0"", ""Budget"": ""0"", ""Box office"": ""0"", ""none"": ""1""}"
T397,The movie Jurassic World: Fallen Kingdom came out in the United States before WiZink Center.,GW4,C,"['A1IFIK8J49WBER', 'A1NF6PELRKACS9', 'A2JPOXYZM5AJZZ', 'A3LRZX8477TYYZ', 'AISFU4P55HYEH']","['00000000001000000', '00000000001000000', '00000000001000000', '00000000001000000', '00000000001000000']",00000000001000000,"{""Directed by"": ""0"", ""Produced by"": ""0"", ""Written by"": ""0"", ""Based on"": ""0"", ""Starring"": ""0"", ""Music by"": ""0"", ""Cinematography"": ""0"", ""Edited by"": ""0"", ""Production companies"": ""0"", ""Distributed by"": ""0"", ""Release date"": ""1"", ""Running time"": ""0"", ""Country"": ""0"", ""Language"": ""0"", ""Budget"": ""0"", ""Box office"": ""0"", ""none"": ""0""}"
T613,"Republic of Costa Rica is a multi-ethnic, multi-lingual nation.",GW28,E,"['AISFU4P55HYEH', 'A1NF6PELRKACS9', 'A3I9XLIHPPWPN1', 'A1IFIK8J49WBER', 'A2JPOXYZM5AJZZ']","['001100000000', '001100000000', '001100000000', '011100000000', '011100000000']",001100000000,"{""Capitaland largest city"": ""0"", ""Official languages"": ""0"", ""Recognized regional languages"": ""1"", ""Ethnic groups  (2011)"": ""1"", ""Religion  (2017)"": ""0"", ""Demonym(s)"": ""0"", ""Government"": ""0"", ""President"": ""0"", ""1st Vice-President"": ""0"", ""2nd Vice-President"": ""0"", ""Legislature"": ""0"", ""none"": ""0""}"
T613,Republic of Costa Rica is a tourist destination.,GW28,N,"['AISFU4P55HYEH', 'A1NF6PELRKACS9', 'A3I9XLIHPPWPN1', 'A1IFIK8J49WBER', 'A2JPOXYZM5AJZZ']","['000000000001', '000000000001', '000000000001', '000000000001', '000000000001']",000000000001,"{""Capitaland largest city"": ""0"", ""Official languages"": ""0"", ""Recognized regional languages"": ""0"", ""Ethnic groups  (2011)"": ""0"", ""Religion  (2017)"": ""0"", ""Demonym(s)"": ""0"", ""Government"": ""0"", ""President"": ""0"", ""1st Vice-President"": ""0"", ""2nd Vice-President"": ""0"", ""Legislature"": ""0"", ""none"": ""1""}"
T613,Republic of Costa Rica is located in the Pacific.,GW28,C,"['A2UF2FRGVW4T89', 'A2JPOXYZM5AJZZ', 'A365SN61J4UNGR', 'A1IFIK8J49WBER', 'A1NF6PELRKACS9']","['000000000001', '100000000000', '000000000001', '100000000001', '000000000001']",000000000001,"{""Capitaland largest city"": ""0"", ""Official languages"": ""0"", ""Recognized regional languages"": ""0"", ""Ethnic groups  (2011)"": ""0"", ""Religion  (2017)"": ""0"", ""Demonym(s)"": ""0"", ""Government"": ""0"", ""President"": ""0"", ""1st Vice-President"": ""0"", ""2nd Vice-President"": ""0"", ""Legislature"": ""0"", ""none"": ""1""}"
T613,Costa Rica's 2nd Vice-President is in line to be the president.,GW27,N,"['A2UF2FRGVW4T89', 'A2JPOXYZM5AJZZ', 'A365SN61J4UNGR', 'A1IFIK8J49WBER', 'A1NF6PELRKACS9']","['000000000001', '000000011101', '000000000100', '000000001100', '000000010101']",000000000101,"{""Capitaland largest city"": ""0"", ""Official languages"": ""0"", ""Recognized regional languages"": ""0"", ""Ethnic groups  (2011)"": ""0"", ""Religion  (2017)"": ""0"", ""Demonym(s)"": ""0"", ""Government"": ""0"", ""President"": ""0"", ""1st Vice-President"": ""0"", ""2nd Vice-President"": ""1"", ""Legislature"": ""0"", ""none"": ""1""}"
T613,"Costa Rica has more Mulattos than Protestants, without regard to year.",GW27,C,"['A2JPOXYZM5AJZZ', 'A1NF6PELRKACS9', 'A2UF2FRGVW4T89', 'A1IFIK8J49WBER', 'A365SN61J4UNGR']","['000100000001', '000100000000', '000010000000', '000110000000', '000110000000']",000110000000,"{""Capitaland largest city"": ""0"", ""Official languages"": ""0"", ""Recognized regional languages"": ""0"", ""Ethnic groups  (2011)"": ""1"", ""Religion  (2017)"": ""1"", ""Demonym(s)"": ""0"", ""Government"": ""0"", ""President"": ""0"", ""1st Vice-President"": ""0"", ""2nd Vice-President"": ""0"", ""Legislature"": ""0"", ""none"": ""0""}"
T613,The Republic of Costa Rica is a country just north of the equator.,GW51,E,"['A2JPOXYZM5AJZZ', 'A1NF6PELRKACS9', 'A2UF2FRGVW4T89', 'A1IFIK8J49WBER', 'A365SN61J4UNGR']","['100000000000', '100000000000', '000000000001', '100000000001', '000000000001']",100000000001,"{""Capitaland largest city"": ""1"", ""Official languages"": ""0"", ""Recognized regional languages"": ""0"", ""Ethnic groups  (2011)"": ""0"", ""Religion  (2017)"": ""0"", ""Demonym(s)"": ""0"", ""Government"": ""0"", ""President"": ""0"", ""1st Vice-President"": ""0"", ""2nd Vice-President"": ""0"", ""Legislature"": ""0"", ""none"": ""1""}"
T613,San Jose became the capital of Costa Rica after Spain gave Costa Rica independence.,GW51,N,"['A1IFIK8J49WBER', 'A3I9XLIHPPWPN1', 'AISFU4P55HYEH', 'A2JPOXYZM5AJZZ', 'A1NF6PELRKACS9']","['100000000001', '100000000001', '000000000001', '100000000001', '100000000001']",100000000001,"{""Capitaland largest city"": ""1"", ""Official languages"": ""0"", ""Recognized regional languages"": ""0"", ""Ethnic groups  (2011)"": ""0"", ""Religion  (2017)"": ""0"", ""Demonym(s)"": ""0"", ""Government"": ""0"", ""President"": ""0"", ""1st Vice-President"": ""0"", ""2nd Vice-President"": ""0"", ""Legislature"": ""0"", ""none"": ""1""}"
T613,Costa Rica's citizens are mostly Shiite Muslim and Jewish.,GW51,C,"['A1IFIK8J49WBER', 'A3I9XLIHPPWPN1', 'AISFU4P55HYEH', 'A2JPOXYZM5AJZZ', 'A1NF6PELRKACS9']","['000110000000', '000100000000', '000010000000', '000010000000', '000010000000']",000010000000,"{""Capitaland largest city"": ""0"", ""Official languages"": ""0"", ""Recognized regional languages"": ""0"", ""Ethnic groups  (2011)"": ""0"", ""Religion  (2017)"": ""1"", ""Demonym(s)"": ""0"", ""Government"": ""0"", ""President"": ""0"", ""1st Vice-President"": ""0"", ""2nd Vice-President"": ""0"", ""Legislature"": ""0"", ""none"": ""0""}"
T808,Collier Bay is a castrated British racehorse.,GW28,E,"['A2JPOXYZM5AJZZ', 'A1IFIK8J49WBER', 'A3I9XLIHPPWPN1', 'AISFU4P55HYEH', 'A1NF6PELRKACS9']","['00001010000110', '00000010000001', '00001010000000', '00000000000001', '00001010000000']",00001010000000,"{""Sire"": ""0"", ""Grandsire"": ""0"", ""Dam"": ""0"", ""Damsire"": ""0"", ""Sex"": ""1"", ""Foaled"": ""0"", ""Country"": ""1"", ""Colour"": ""0"", ""Breeder"": ""0"", ""Owner"": ""0"", ""Trainer"": ""0"", ""Record"": ""0"", ""Earnings"": ""0"", ""none"": ""0""}"
T808,Collier Bay raced exclusively in the United Kingdom.,GW28,N,"['A2JPOXYZM5AJZZ', 'A1IFIK8J49WBER', 'A3I9XLIHPPWPN1', 'AISFU4P55HYEH', 'A1NF6PELRKACS9']","['00000010000111', '00000010000001', '00000010000001', '00000010000000', '00000010000000']",00000010000001,"{""Sire"": ""0"", ""Grandsire"": ""0"", ""Dam"": ""0"", ""Damsire"": ""0"", ""Sex"": ""0"", ""Foaled"": ""0"", ""Country"": ""1"", ""Colour"": ""0"", ""Breeder"": ""0"", ""Owner"": ""0"", ""Trainer"": ""0"", ""Record"": ""0"", ""Earnings"": ""0"", ""none"": ""1""}"
T808,Collier Bay was born in the wild of unknown parentage.,GW28,C,"['AISFU4P55HYEH', 'A1IFIK8J49WBER', 'A2JPOXYZM5AJZZ', 'A1NF6PELRKACS9', 'A3I9XLIHPPWPN1']","['00000000000001', '01110010000000', '11110110111000', '11110000000001', '10100000000000']",11110000000000,"{""Sire"": ""1"", ""Grandsire"": ""1"", ""Dam"": ""1"", ""Damsire"": ""1"", ""Sex"": ""0"", ""Foaled"": ""0"", ""Country"": ""0"", ""Colour"": ""0"", ""Breeder"": ""0"", ""Owner"": ""0"", ""Trainer"": ""0"", ""Record"": ""0"", ""Earnings"": ""0"", ""none"": ""0""}"
T808,Collier Bay was a bay gelding who was known for jumping the starting gun.,GW2,N,"['AISFU4P55HYEH', 'A1IFIK8J49WBER', 'A2JPOXYZM5AJZZ', 'A1NF6PELRKACS9', 'A3I9XLIHPPWPN1']","['00000000000001', '00001000000001', '00001001000001', '00001000000001', '00001001000000']",00001000000001,"{""Sire"": ""0"", ""Grandsire"": ""0"", ""Dam"": ""0"", ""Damsire"": ""0"", ""Sex"": ""1"", ""Foaled"": ""0"", ""Country"": ""0"", ""Colour"": ""0"", ""Breeder"": ""0"", ""Owner"": ""0"", ""Trainer"": ""0"", ""Record"": ""0"", ""Earnings"": ""0"", ""none"": ""1""}"
T808,Collier Bay was trained by Wally Sturt.,GW2,C,"['AISFU4P55HYEH', 'A2UF2FRGVW4T89', 'A1NF6PELRKACS9', 'A2JPOXYZM5AJZZ', 'A3I9XLIHPPWPN1']","['00000000001000', '00000000001000', '00000000001000', '00000000001000', '00000000001000']",00000000001000,"{""Sire"": ""0"", ""Grandsire"": ""0"", ""Dam"": ""0"", ""Damsire"": ""0"", ""Sex"": ""0"", ""Foaled"": ""0"", ""Country"": ""0"", ""Colour"": ""0"", ""Breeder"": ""0"", ""Owner"": ""0"", ""Trainer"": ""1"", ""Record"": ""0"", ""Earnings"": ""0"", ""none"": ""0""}"
T808,Collier Bay is a racing horse from the United Kingdom.,GW51,E,"['AISFU4P55HYEH', 'A2UF2FRGVW4T89', 'A1NF6PELRKACS9', 'A2JPOXYZM5AJZZ', 'A3I9XLIHPPWPN1']","['00000010000000', '00000010000100', '00000010000100', '00001010000110', '00000010000000']",00000010000100,"{""Sire"": ""0"", ""Grandsire"": ""0"", ""Dam"": ""0"", ""Damsire"": ""0"", ""Sex"": ""0"", ""Foaled"": ""0"", ""Country"": ""1"", ""Colour"": ""0"", ""Breeder"": ""0"", ""Owner"": ""0"", ""Trainer"": ""0"", ""Record"": ""1"", ""Earnings"": ""0"", ""none"": ""0""}"
T808,Collier Bay was the most expensive horse auctioned from the U.K. in horse racing history.,GW51,N,"['A1NF6PELRKACS9', 'A1IFIK8J49WBER', 'A2JPOXYZM5AJZZ', 'A2UF2FRGVW4T89', 'AMA18W8F60Y2J']","['00000010000011', '00000000000001', '00001010000111', '00000000000001', '00000010000001']",00000010000001,"{""Sire"": ""0"", ""Grandsire"": ""0"", ""Dam"": ""0"", ""Damsire"": ""0"", ""Sex"": ""0"", ""Foaled"": ""0"", ""Country"": ""1"", ""Colour"": ""0"", ""Breeder"": ""0"", ""Owner"": ""0"", ""Trainer"": ""0"", ""Record"": ""0"", ""Earnings"": ""0"", ""none"": ""1""}"
T808,Collier Bay was bred by Lord Derby and John Gosden before it got into racing.,GW51,C,"['A1NF6PELRKACS9', 'A1IFIK8J49WBER', 'A2JPOXYZM5AJZZ', 'A2UF2FRGVW4T89', 'AMA18W8F60Y2J']","['00000000101001', '00000000111001', '00000000110101', '00000000100000', '00000000100100']",00000000100001,"{""Sire"": ""0"", ""Grandsire"": ""0"", ""Dam"": ""0"", ""Damsire"": ""0"", ""Sex"": ""0"", ""Foaled"": ""0"", ""Country"": ""0"", ""Colour"": ""0"", ""Breeder"": ""1"", ""Owner"": ""0"", ""Trainer"": ""0"", ""Record"": ""0"", ""Earnings"": ""0"", ""none"": ""1""}"
T914,Chichen-Itza was the first site listed from Latin America.,GW27,N,"['A1NF6PELRKACS9', 'A2UF2FRGVW4T89', 'AISFU4P55HYEH', 'A2JPOXYZM5AJZZ', 'A3I9XLIHPPWPN1']","['000000011', '000000001', '000000001', '001111011', '000010000']",000000001,"{""Location"": ""0"", ""Official name"": ""0"", ""Type"": ""0"", ""Criteria"": ""0"", ""Designated"": ""0"", ""Reference no."": ""0"", ""State Party"": ""0"", ""Region"": ""0"", ""none"": ""1""}"
T914,Mexico is part of the Asian region.,GW27,C,"['A1NF6PELRKACS9', 'A2UF2FRGVW4T89', 'AISFU4P55HYEH', 'A2JPOXYZM5AJZZ', 'A3I9XLIHPPWPN1']","['000000110', '100000010', '000000100', '000000010', '000000010']",000000010,"{""Location"": ""0"", ""Official name"": ""0"", ""Type"": ""0"", ""Criteria"": ""0"", ""Designated"": ""0"", ""Reference no."": ""0"", ""State Party"": ""0"", ""Region"": ""1"", ""none"": ""0""}"
T914,The Chichen Itza is a historical site located in Mexico.,GW51,E,"['A1NF6PELRKACS9', 'A1IFIK8J49WBER', 'A3I9XLIHPPWPN1', 'A3LRZX8477TYYZ', 'A2JPOXYZM5AJZZ']","['101010000', '101000001', '110000000', '110000001', '101110000']",101000000,"{""Location"": ""1"", ""Official name"": ""0"", ""Type"": ""1"", ""Criteria"": ""0"", ""Designated"": ""0"", ""Reference no."": ""0"", ""State Party"": ""0"", ""Region"": ""0"", ""none"": ""0""}"
T914,The Chichen Itza is construction by the Mayans.,GW51,N,"['A1NF6PELRKACS9', 'A1IFIK8J49WBER', 'A3I9XLIHPPWPN1', 'A3LRZX8477TYYZ', 'A2JPOXYZM5AJZZ']","['000000001', '000000001', '000000001', '000000001', '000000001']",000000001,"{""Location"": ""0"", ""Official name"": ""0"", ""Type"": ""0"", ""Criteria"": ""0"", ""Designated"": ""0"", ""Reference no."": ""0"", ""State Party"": ""0"", ""Region"": ""0"", ""none"": ""1""}"
T914,The Chichen Itza was designated as a historical site for cultural purposes about 5 years before 2000.,GW51,C,"['AISFU4P55HYEH', 'A1NF6PELRKACS9', 'A3I9XLIHPPWPN1', 'A2JPOXYZM5AJZZ', 'A2UF2FRGVW4T89']","['001010000', '001010000', '000010000', '001110000', '001010000']",001010000,"{""Location"": ""0"", ""Official name"": ""0"", ""Type"": ""1"", ""Criteria"": ""0"", ""Designated"": ""1"", ""Reference no."": ""0"", ""State Party"": ""0"", ""Region"": ""0"", ""none"": ""0""}"
T914,Chichen Itza is a city in North America.,GW28,E,"['AISFU4P55HYEH', 'A1NF6PELRKACS9', 'A3I9XLIHPPWPN1', 'A2JPOXYZM5AJZZ', 'A2UF2FRGVW4T89']","['000000100', '100000010', '100000010', '100000110', '100000010']",100000010,"{""Location"": ""1"", ""Official name"": ""0"", ""Type"": ""0"", ""Criteria"": ""0"", ""Designated"": ""0"", ""Reference no."": ""0"", ""State Party"": ""0"", ""Region"": ""1"", ""none"": ""0""}"
T914,Chichen Itza existed before the formation of Mexico.,GW28,N,"['A1NF6PELRKACS9', 'AMA18W8F60Y2J', 'A2JPOXYZM5AJZZ', 'A3I9XLIHPPWPN1', 'A2UF2FRGVW4T89']","['110000001', '000000001', '010000101', '110000000', '000000001']",010000001,"{""Location"": ""0"", ""Official name"": ""1"", ""Type"": ""0"", ""Criteria"": ""0"", ""Designated"": ""0"", ""Reference no."": ""0"", ""State Party"": ""0"", ""Region"": ""0"", ""none"": ""1""}"
T914,Chichen Itza is a modern working city in Mexico.,GW28,C,"['A1NF6PELRKACS9', 'AMA18W8F60Y2J', 'A2JPOXYZM5AJZZ', 'A3I9XLIHPPWPN1', 'A2UF2FRGVW4T89']","['110000001', '000000101', '010000101', '000000001', '100010000']",000000001,"{""Location"": ""0"", ""Official name"": ""0"", ""Type"": ""0"", ""Criteria"": ""0"", ""Designated"": ""0"", ""Reference no."": ""0"", ""State Party"": ""0"", ""Region"": ""0"", ""none"": ""1""}"
T1353,The Sh_kaku class came before the Taih_.,GW27,E,"['A2UF2FRGVW4T89', 'A2JPOXYZM5AJZZ', 'A3I9XLIHPPWPN1', 'A1NF6PELRKACS9', 'AISFU4P55HYEH']","['1100000000000000000000', '1100000000000000000000', '0100000000000000000000', '1100000000000000000000', '0100000000000000000000']",1100000000000000000000,"{""Preceded by"": ""1"", ""Succeeded by"": ""1"", ""Built"": ""0"", ""In commission"": ""0"", ""Completed"": ""0"", ""Lost"": ""0"", ""Scrapped"": ""0"", ""Type"": ""0"", ""Displacement"": ""0"", ""Length"": ""0"", ""Beam"": ""0"", ""Draft"": ""0"", ""Installed power"": ""0"", ""Propulsion"": ""0"", ""Speed"": ""0"", ""Range"": ""0"", ""Complement"": ""0"", ""Sensors and processing systems"": ""0"", ""Arnament"": ""0"", ""Armor"": ""0"", ""Aircraft carried"": ""0"", ""none"": ""0""}"
T1353,The Juny_ class had a ship that was sank in battle.,GW27,N,"['A2UF2FRGVW4T89', 'A2JPOXYZM5AJZZ', 'A3I9XLIHPPWPN1', 'A1NF6PELRKACS9', 'AISFU4P55HYEH']","['0000000000000000000001', '0000011000000000000001', '0000000000000000000001', '0000000000000000000001', '0000000000000000000001']",0000000000000000000001,"{""Preceded by"": ""0"", ""Succeeded by"": ""0"", ""Built"": ""0"", ""In commission"": ""0"", ""Completed"": ""0"", ""Lost"": ""0"", ""Scrapped"": ""0"", ""Type"": ""0"", ""Displacement"": ""0"", ""Length"": ""0"", ""Beam"": ""0"", ""Draft"": ""0"", ""Installed power"": ""0"", ""Propulsion"": ""0"", ""Speed"": ""0"", ""Range"": ""0"", ""Complement"": ""0"", ""Sensors and processing systems"": ""0"", ""Arnament"": ""0"", ""Armor"": ""0"", ""Aircraft carried"": ""0"", ""none"": ""1""}"
T1353,The Juny_ class had more guns than aircraft.,GW27,C,"['A2JPOXYZM5AJZZ', 'A1NF6PELRKACS9', 'A2UF2FRGVW4T89', 'AMA18W8F60Y2J', 'A3I9XLIHPPWPN1']","['0000000000000000001010', '0000000000000000001010', '0000000000000000001010', '0000000100000000001010', '0000000000000000001010']",0000000000000000001010,"{""Preceded by"": ""0"", ""Succeeded by"": ""0"", ""Built"": ""0"", ""In commission"": ""0"", ""Completed"": ""0"", ""Lost"": ""0"", ""Scrapped"": ""0"", ""Type"": ""0"", ""Displacement"": ""0"", ""Length"": ""0"", ""Beam"": ""0"", ""Draft"": ""0"", ""Installed power"": ""0"", ""Propulsion"": ""0"", ""Speed"": ""0"", ""Range"": ""0"", ""Complement"": ""0"", ""Sensors and processing systems"": ""0"", ""Arnament"": ""1"", ""Armor"": ""0"", ""Aircraft carried"": ""1"", ""none"": ""0""}"
T1353,Hiyo was a second generation aircraft carrier.,GW22,N,"['A2JPOXYZM5AJZZ', 'A1NF6PELRKACS9', 'A2UF2FRGVW4T89', 'AMA18W8F60Y2J', 'A3I9XLIHPPWPN1']","['1100000100000000000001', '0000000100000000000001', '1000000100000000000000', '0000000000000000000001', '0000000000000000000001']",0000000100000000000001,"{""Preceded by"": ""0"", ""Succeeded by"": ""0"", ""Built"": ""0"", ""In commission"": ""0"", ""Completed"": ""0"", ""Lost"": ""0"", ""Scrapped"": ""0"", ""Type"": ""1"", ""Displacement"": ""0"", ""Length"": ""0"", ""Beam"": ""0"", ""Draft"": ""0"", ""Installed power"": ""0"", ""Propulsion"": ""0"", ""Speed"": ""0"", ""Range"": ""0"", ""Complement"": ""0"", ""Sensors and processing systems"": ""0"", ""Arnament"": ""0"", ""Armor"": ""0"", ""Aircraft carried"": ""0"", ""none"": ""1""}"
T1353,Hiyo can carry more than 60 aircrafts and its speed is 30 knots.,GW22,C,"['AISFU4P55HYEH', 'A1NF6PELRKACS9', 'A2JPOXYZM5AJZZ', 'A2UF2FRGVW4T89', 'A3I9XLIHPPWPN1']","['0000000000000010000010', '0000000000000010000011', '0000000000000010000010', '0000000000000000000010', '0000000000000010000010']",0000000000000010000010,"{""Preceded by"": ""0"", ""Succeeded by"": ""0"", ""Built"": ""0"", ""In commission"": ""0"", ""Completed"": ""0"", ""Lost"": ""0"", ""Scrapped"": ""0"", ""Type"": ""0"", ""Displacement"": ""0"", ""Length"": ""0"", ""Beam"": ""0"", ""Draft"": ""0"", ""Installed power"": ""0"", ""Propulsion"": ""0"", ""Speed"": ""1"", ""Range"": ""0"", ""Complement"": ""0"", ""Sensors and processing systems"": ""0"", ""Arnament"": ""0"", ""Armor"": ""0"", ""Aircraft carried"": ""1"", ""none"": ""0""}"
T1353,Sh_kaku-class aircraft carrier was a naval vessel.,GW28,E,"['AISFU4P55HYEH', 'A1NF6PELRKACS9', 'A2JPOXYZM5AJZZ', 'A2UF2FRGVW4T89', 'A3I9XLIHPPWPN1']","['0000000000000000000001', '1000000100000000000001', '1100000110000110000010', '0000000000000000000001', '0000000100000000000000']",0000000100000000000001,"{""Preceded by"": ""0"", ""Succeeded by"": ""0"", ""Built"": ""0"", ""In commission"": ""0"", ""Completed"": ""0"", ""Lost"": ""0"", ""Scrapped"": ""0"", ""Type"": ""1"", ""Displacement"": ""0"", ""Length"": ""0"", ""Beam"": ""0"", ""Draft"": ""0"", ""Installed power"": ""0"", ""Propulsion"": ""0"", ""Speed"": ""0"", ""Range"": ""0"", ""Complement"": ""0"", ""Sensors and processing systems"": ""0"", ""Arnament"": ""0"", ""Armor"": ""0"", ""Aircraft carried"": ""0"", ""none"": ""1""}"
T1353,Sh_kaku-class aircraft carrier was a Japanese aircraft carrier involved in battles during WWII.,GW28,N,"['A2UF2FRGVW4T89', 'A1IFIK8J49WBER', 'A1NF6PELRKACS9', 'AISFU4P55HYEH', 'A2JPOXYZM5AJZZ']","['0000000100000000000000', '0001000100000000000001', '1000000100000000000001', '1000000100000000000000', '0011000100000000000001']",0000000100000000000001,"{""Preceded by"": ""0"", ""Succeeded by"": ""0"", ""Built"": ""0"", ""In commission"": ""0"", ""Completed"": ""0"", ""Lost"": ""0"", ""Scrapped"": ""0"", ""Type"": ""1"", ""Displacement"": ""0"", ""Length"": ""0"", ""Beam"": ""0"", ""Draft"": ""0"", ""Installed power"": ""0"", ""Propulsion"": ""0"", ""Speed"": ""0"", ""Range"": ""0"", ""Complement"": ""0"", ""Sensors and processing systems"": ""0"", ""Arnament"": ""0"", ""Armor"": ""0"", ""Aircraft carried"": ""0"", ""none"": ""1""}"
T1353,Sh_kaku-class aircraft carrier was an unarmed naval vessel.,GW28,C,"['A2UF2FRGVW4T89', 'A1IFIK8J49WBER', 'A1NF6PELRKACS9', 'AISFU4P55HYEH', 'A2JPOXYZM5AJZZ']","['0000000100000000001000', '0000000100000000000001', '1000000100000000001000', '0000000000000000000001', '0000000100000000001010']",0000000100000000001000,"{""Preceded by"": ""0"", ""Succeeded by"": ""0"", ""Built"": ""0"", ""In commission"": ""0"", ""Completed"": ""0"", ""Lost"": ""0"", ""Scrapped"": ""0"", ""Type"": ""1"", ""Displacement"": ""0"", ""Length"": ""0"", ""Beam"": ""0"", ""Draft"": ""0"", ""Installed power"": ""0"", ""Propulsion"": ""0"", ""Speed"": ""0"", ""Range"": ""0"", ""Complement"": ""0"", ""Sensors and processing systems"": ""0"", ""Arnament"": ""1"", ""Armor"": ""0"", ""Aircraft carried"": ""0"", ""none"": ""0""}"
